taxonID	acceptedNameUsageID	parentNameUsageID	scientificName	taxonRank	source	taxonomicStatus	canonicalName	scientificNameAuthorship	scientificNameID	taxonRemarks	namePublishedIn	furtherInformationURL	datasetID	EOLid	EOLidAnnotations
-1056612	-1056612	-696990	Pteria lotorium Lamarck, 1819	species	gbif:4592270	accepted	Pteria lotorium	Lamarck, 1819				https://www.gbif-uat.org/species/4592270	0938172b-2086-439c-a1dd-c21cb0109ed5		
-1103072	-1103072	-733718	Thelotornis kirtlandii subsp. oatesi	subspecies	gbif:9149580	accepted	Thelotornis kirtlandii oatesi					https://www.gbif-uat.org/species/9149580	6cfd67d6-4f9b-400b-8549-1933ac27936f		
-1103073	-1103073	-733718	Thelotornis kirtlandii subsp. kirtlandii	subspecies	gbif:8957661	accepted	Thelotornis kirtlandii kirtlandii					https://www.gbif-uat.org/species/8957661	d7dddbf4-2cf0-4f39-9b2a-bb099caae36c		
-1186105	-1186105	-1014545	Murex lotorium Linnaeus, 1758	species	gbif:7446393	accepted	Murex lotorium	Linnaeus, 1758				https://www.gbif-uat.org/species/7446393	80b4b440-eaca-4860-aadf-d0dfdd3e856e		
-1448259	-1448259	-1274362	Hylotorus hottentotta Westwood, 1874	species	gbif:8330135	accepted	Hylotorus hottentotta	Westwood, 1874				https://www.gbif-uat.org/species/8330135	7ddf754f-d193-4cc9-b351-99906754a03b		
-1448260	-1448260	-1274362	Hylotorus bucephalus (Gyllenhal, 1817)	species	gbif:8006384	accepted	Hylotorus bucephalus	(Gyllenhal, 1817)				https://www.gbif-uat.org/species/8006384	7ddf754f-d193-4cc9-b351-99906754a03b		
-1448261	-1448261	-1274362	Hylotorus caroli Reichensperger, 1913	species	gbif:7810757	accepted	Hylotorus caroli	Reichensperger, 1913				https://www.gbif-uat.org/species/7810757	7ddf754f-d193-4cc9-b351-99906754a03b		
-1448262	-1448262	-1274362	Hylotorus basilewskyi Luna de Carvalho, 1974	species	gbif:7687944	accepted	Hylotorus basilewskyi	Luna de Carvalho, 1974				https://www.gbif-uat.org/species/7687944	7ddf754f-d193-4cc9-b351-99906754a03b		
-1448263	-1448263	-1274362	Hylotorus blanchardi Raffray, 1882	species	gbif:7501367	accepted	Hylotorus blanchardi	Raffray, 1882				https://www.gbif-uat.org/species/7501367	7ddf754f-d193-4cc9-b351-99906754a03b		
-1448264	-1448264	-1274362	Hylotorus uelensis Reichensperger, 1925	species	gbif:8002792	accepted	Hylotorus uelensis	Reichensperger, 1925				https://www.gbif-uat.org/species/8002792	7ddf754f-d193-4cc9-b351-99906754a03b		
-14648	-14648	-1810	Procyon lotor polyomavirus 1	species	ictv:ICTV:20163680	accepted						https://talk.ictvonline.org/taxonomy/p/taxonomy-history?taxnode_id=20163680	ictv		
-1534832	-1534832	-1288530	Pricebeeria Eichler & Zlotorzycka, 1971	genus	PSO:1230667	accepted		Eichler & Zlotorzycka, 1971	urn:lsid:Psocodea.speciesfile.org:TaxonName:492389		Eichler & Zlotorzycka. 1971. Studien uber Raubvogelfederlinge. VII. Die Neocolpocephalum-Gruppe und ihre Wirt-Parasit-Beziehungen. Angew. Parasitol. 12:19-33	http://psocodea.speciesfile.org/Common/basic/Taxa.aspx?TaxonNameID=1230667	PSO		
-1534838	-1534838	-1288530	Vulturigogus Eichler & Zlotorzycka, 1963	genus	PSO:1230697	accepted		Eichler & Zlotorzycka, 1963	urn:lsid:Psocodea.speciesfile.org:TaxonName:492420		Eichler & Zlotorzycka. 1963. Studien uber Raubvogelfederlinge. IV. Bemerkenswerte Colpocephalidae von Geiern (Vulturidae und Aegypiidae). Acta Parasitol. 11:199-221	http://psocodea.speciesfile.org/Common/basic/Taxa.aspx?TaxonNameID=1230697	PSO		
-1534865	-1534865	-1288530	Neomyrsidella Zlotorzycka, 1964	genus	PSO:1230647	accepted		Zlotorzycka, 1964	urn:lsid:Psocodea.speciesfile.org:TaxonName:492369		Zlotorzycka. 1964. Mallophaga parasitizing Passeriformes and Pici. I. Subfamilies Dennyinae, Machaerilaeminae, Colpocephalinae. Acta Parasitol. 12:165-192	http://psocodea.speciesfile.org/Common/basic/Taxa.aspx?TaxonNameID=1230647	PSO		
-1534870	-1534870	-1288530	Vulgidea Zlotorzycka, 1964	genus	PSO:1230695	accepted		Zlotorzycka, 1964	urn:lsid:Psocodea.speciesfile.org:TaxonName:492418		Zlotorzycka. 1964. Mallophaga parasitizing Passeriformes and Pici. I. Subfamilies Dennyinae, Machaerilaeminae, Colpocephalinae. Acta Parasitol. 12:165-192	http://psocodea.speciesfile.org/Common/basic/Taxa.aspx?TaxonNameID=1230695	PSO		
-1534906	-1534906	-1288530	Wolfdietrichia Zlotorzycka, 1973	genus	PSO:1230698	accepted		Zlotorzycka, 1973	urn:lsid:Psocodea.speciesfile.org:TaxonName:492421		Zlotorzycka. 1973. Systematische Stellung und Wirt-parasit-beziehungen beim Myrsideen-komplex der mitteleuropaischen Corviden. Lounais-Hämeen Luonto 46:46-62	http://psocodea.speciesfile.org/Common/basic/Taxa.aspx?TaxonNameID=1230698	PSO		
-1690279	-1690279	-1457272	Helotorus europeator Aubert, 1978	species	gbif:7806242	accepted	Helotorus europeator	Aubert, 1978				https://www.gbif-uat.org/species/7806242	de8934f4-a136-481c-a87a-b0b202b80a31		
-1808547	-1808547	-1534675	Oxylipeurus minor (Zlotorzycka, 1966)	species	PSO:1227710	accepted		(Zlotorzycka, 1966)	urn:lsid:Psocodea.speciesfile.org:TaxonName:478066		Zlotorzycka. 1966. Systematische Bemerkungen uber die Gattung Reticulipeurus Keler mit Beschreibung von R. tetraonis minor ssp. n. (Mallophaga, Lipeuridae). Arten. Polskie Pismo Entomol. 36:111-115	http://psocodea.speciesfile.org/Common/basic/Taxa.aspx?TaxonNameID=1227710	PSO		
-1808687	-1808687	-1534683	Penenirmus rarus (Zlotorzycka, 1976)	species	PSO:1228009	accepted		(Zlotorzycka, 1976)	urn:lsid:Psocodea.speciesfile.org:TaxonName:478441		Zlotorzycka. 1976. Europaische Arten der Mallophagen-Gattung Pleurinirmus. Angew. Parasitol. 17:208-214	http://psocodea.speciesfile.org/Common/basic/Taxa.aspx?TaxonNameID=1228009	PSO		
-1808861	-1808861	-1534698	Sturnidoecus refractariolus (Zlotorzycka, 1964)	species	PSO:1229386	accepted		(Zlotorzycka, 1964)	urn:lsid:Psocodea.speciesfile.org:TaxonName:491698		Zlotorzycka. 1964. Mallophaga parasitizing Passeriformes and Pici. II. Brueeliinae. Acta Parasitol. 12:239-282	http://psocodea.speciesfile.org/Common/basic/Taxa.aspx?TaxonNameID=1229386	PSO		
-1808887	-1808887	-1534701	Falcolipeurus affulgeus Zlotorzycka, 1963	species	PSO:1226660	accepted		Zlotorzycka, 1963	urn:lsid:Psocodea.speciesfile.org:TaxonName:476652		Zlotorzycka. 1963. Studien uber Raubvogelfederlinge. III. Neue Falcolipeurus-Arten. Angew. Parasitol. 4:150-163	http://psocodea.speciesfile.org/Common/basic/Taxa.aspx?TaxonNameID=1226660	PSO		
-1808890	-1808890	-1534701	Falcolipeurus conflictus Zlotorzycka, 1963	species	PSO:1226669	accepted		Zlotorzycka, 1963	urn:lsid:Psocodea.speciesfile.org:TaxonName:476665		Zlotorzycka. 1963. Studien uber Raubvogelfederlinge. III. Neue Falcolipeurus-Arten. Angew. Parasitol. 4:150-163	http://psocodea.speciesfile.org/Common/basic/Taxa.aspx?TaxonNameID=1226669	PSO		
-1808896	-1808896	-1534701	Falcolipeurus longiphallus Zlotorzycka, 1963	species	PSO:1226686	accepted		Zlotorzycka, 1963	urn:lsid:Psocodea.speciesfile.org:TaxonName:476685		Zlotorzycka. 1963. Studien uber Raubvogelfederlinge. III. Neue Falcolipeurus-Arten. Angew. Parasitol. 4:150-163	http://psocodea.speciesfile.org/Common/basic/Taxa.aspx?TaxonNameID=1226686	PSO		
-1808904	-1808904	-1534701	Falcolipeurus jocabundus Zlotorzycka, 1963	species	PSO:1226680	accepted		Zlotorzycka, 1963	urn:lsid:Psocodea.speciesfile.org:TaxonName:476679		Zlotorzycka. 1963. Studien uber Raubvogelfederlinge. III. Neue Falcolipeurus-Arten. Angew. Parasitol. 4:150-163	http://psocodea.speciesfile.org/Common/basic/Taxa.aspx?TaxonNameID=1226680	PSO		
-1809180	-1809180	-1534731	Brueelia annae (Zlotorzycka & Eichler, 1984)	species	PSO:1225483	accepted		(Zlotorzycka & Eichler, 1984)	urn:lsid:Psocodea.speciesfile.org:TaxonName:474967		Zlotorzycka & Eichler. 1984. Notulae Mallophagologiae. XIV. Prunellides annae nov. gen. et spec. von Prunella modularis. Angew. Parasitol. 25:219-221	http://psocodea.speciesfile.org/Common/basic/Taxa.aspx?TaxonNameID=1225483	PSO		
-1809391	-1809391	-1534731	Brueelia perforata (Zlotorzycka, 1964)	species	PSO:1225727	accepted		(Zlotorzycka, 1964)	urn:lsid:Psocodea.speciesfile.org:TaxonName:475320		Zlotorzycka. 1964. Mallophaga parasitizing Passeriformes and Pici. II. Brueeliinae. Acta Parasitol. 12:239-282	http://psocodea.speciesfile.org/Common/basic/Taxa.aspx?TaxonNameID=1225727	PSO		
-1809628	-1809628	-1534743	Philopterus montani (Zlotorzycka, 1964)	species	PSO:1228155	accepted		(Zlotorzycka, 1964)	urn:lsid:Psocodea.speciesfile.org:TaxonName:478699		Zlotorzycka. 1964. Mallophaga parasitizing Passeriformes and Pici. III. Philopterinae. Acta Parasitol. 12:401-430	http://psocodea.speciesfile.org/Common/basic/Taxa.aspx?TaxonNameID=1228155	PSO		
-1809631	-1809631	-1534743	Philopterus vultuosus (Zlotorzycka, 1964)	species	PSO:1228469	accepted		(Zlotorzycka, 1964)	urn:lsid:Psocodea.speciesfile.org:TaxonName:479266		Zlotorzycka. 1964. Mallophaga parasitizing Passeriformes and Pici. III. Philopterinae. Acta Parasitol. 12:401-430	http://psocodea.speciesfile.org/Common/basic/Taxa.aspx?TaxonNameID=1228469	PSO		
-1809676	-1809676	-1534743	Philopterus desertus (Zlotorzycka, 1964)	species	PSO:1228139	accepted		(Zlotorzycka, 1964)	urn:lsid:Psocodea.speciesfile.org:TaxonName:478676		Zlotorzycka. 1964. Mallophaga parasitizing Passeriformes and Pici. III. Philopterinae. Acta Parasitol. 12:401-430	http://psocodea.speciesfile.org/Common/basic/Taxa.aspx?TaxonNameID=1228139	PSO		
-1809679	-1809679	-1534743	Philopterus pavidus (Zlotorzycka, 1964)	species	PSO:1228341	accepted		(Zlotorzycka, 1964)	urn:lsid:Psocodea.speciesfile.org:TaxonName:478984		Zlotorzycka. 1964. Mallophaga parasitizing Passeriformes and Pici. III. Philopterinae. Acta Parasitol. 12:401-430	http://psocodea.speciesfile.org/Common/basic/Taxa.aspx?TaxonNameID=1228341	PSO		
-1809694	-1809694	-1534743	Philopterus timmermanni (Zlotorzycka, 1964)	species	PSO:1228454	accepted		(Zlotorzycka, 1964)	urn:lsid:Psocodea.speciesfile.org:TaxonName:479244		Zlotorzycka. 1964. Mallophaga parasitizing Passeriformes and Pici. III. Philopterinae. Acta Parasitol. 12:401-430	http://psocodea.speciesfile.org/Common/basic/Taxa.aspx?TaxonNameID=1228454	PSO		
-1809760	-1809760	-1534743	Philopterus neocopinatus (Zlotorzycka, 1964)	species	PSO:1228290	accepted		(Zlotorzycka, 1964)	urn:lsid:Psocodea.speciesfile.org:TaxonName:478905		Zlotorzycka. 1964. Mallophaga parasitizing Passeriformes and Pici. III. Philopterinae. Acta Parasitol. 12:401-430	http://psocodea.speciesfile.org/Common/basic/Taxa.aspx?TaxonNameID=1228290	PSO		
-1809787	-1809787	-1534743	Philopterus zlotorzyckae (Mey, 1982)	species	PSO:1228471	accepted		(Mey, 1982)	urn:lsid:Psocodea.speciesfile.org:TaxonName:479269		Mey, E. 1982. Mongolische Mallophagen I. Ergebnisse der mongolischen Gemeinschaftsreise von Ornithologen aus der DDR 1979. IX, zugleich Ergebnisse der Mongolisch-Deutschen Biologischen Expedition seit 1962, Nr. 107. Mitt. Zool. Mus. Berlin 58:155-195	http://psocodea.speciesfile.org/Common/basic/Taxa.aspx?TaxonNameID=1228471	PSO		
-1810564	-1810564	-1534817	Myrsidea abhorrens (Zlotorzycka, 1964)	species	PSO:1231991,gbif:6935423	accepted		(Zlotorzycka, 1964)	urn:lsid:Psocodea.speciesfile.org:TaxonName:494616		Zlotorzycka. 1964. Mallophaga parasitizing Passeriformes and Pici. I. Subfamilies Dennyinae, Machaerilaeminae, Colpocephalinae. Acta Parasitol. 12:165-192	http://psocodea.speciesfile.org/Common/basic/Taxa.aspx?TaxonNameID=1231991	PSO		
-1810565	-1810565	-1534817	Myrsidea celeripes (Zlotorzycka, 1964)	species	PSO:1231687,gbif:9100740	accepted		(Zlotorzycka, 1964)	urn:lsid:Psocodea.speciesfile.org:TaxonName:493953		Zlotorzycka. 1964. Mallophaga parasitizing Passeriformes and Pici. I. Subfamilies Dennyinae, Machaerilaeminae, Colpocephalinae. Acta Parasitol. 12:165-192	http://psocodea.speciesfile.org/Common/basic/Taxa.aspx?TaxonNameID=1231687	PSO		
-1810646	-1810646	-1534817	Myrsidea celenpes (Zlotorzycka, 1964)	species	gbif:6935589	accepted	Myrsidea celenpes	(Zlotorzycka, 1964)				https://www.gbif-uat.org/species/6935589	0938172b-2086-439c-a1dd-c21cb0109ed5		
-1810963	-1810963	-1534828	Colpocephalum satellitum (Eichler & Zlotorzycka, 1963)	species	PSO:1231508,gbif:6936191	accepted		(Eichler & Zlotorzycka, 1963)	urn:lsid:Psocodea.speciesfile.org:TaxonName:493609		Eichler & Zlotorzycka. 1963. Studien uber Raubvogelfederlinge. IV. Bemerkenswerte Colpocephalidae von Geiern (Vulturidae und Aegypiidae). Acta Parasitol. 11:199-221	http://psocodea.speciesfile.org/Common/basic/Taxa.aspx?TaxonNameID=1231508	PSO		
-1810981	-1810981	-1534828	Colpocephalum polonum (Eichler & Zlotorzycka, 1971)	species	PSO:1231499,gbif:6936078	accepted		(Eichler & Zlotorzycka, 1971)	urn:lsid:Psocodea.speciesfile.org:TaxonName:493598		Eichler & Zlotorzycka. 1971. Studien uber Raubvogelfederlinge. VII. Die Neocolpocephalum-Gruppe und ihre Wirt-Parasit-Beziehungen. Angew. Parasitol. 12:19-33	http://psocodea.speciesfile.org/Common/basic/Taxa.aspx?TaxonNameID=1231499	PSO		
-1810983	-1810983	-1534828	Colpocephalum germanum (Eichler & Zlotorzycka, 1971)	species	PSO:1231403,gbif:6936102	accepted		(Eichler & Zlotorzycka, 1971)	urn:lsid:Psocodea.speciesfile.org:TaxonName:493492		Eichler & Zlotorzycka. 1971. Studien uber Raubvogelfederlinge. VII. Die Neocolpocephalum-Gruppe und ihre Wirt-Parasit-Beziehungen. Angew. Parasitol. 12:19-33	http://psocodea.speciesfile.org/Common/basic/Taxa.aspx?TaxonNameID=1231403	PSO		
-1811005	-1811005	-1534828	Colpocephalum gypsi (Eichler & Zlotorzycka, 1971)	species	PSO:1231409,gbif:6936202	accepted		(Eichler & Zlotorzycka, 1971)	urn:lsid:Psocodea.speciesfile.org:TaxonName:493499		Eichler & Zlotorzycka. 1971. Studien uber Raubvogelfederlinge. VII. Die Neocolpocephalum-Gruppe und ihre Wirt-Parasit-Beziehungen. Angew. Parasitol. 12:19-33	http://psocodea.speciesfile.org/Common/basic/Taxa.aspx?TaxonNameID=1231409	PSO		
-1811218	-1811218	-1534849	Ctenigogus secundarius Eichler & Zlotorzycka, 1963	species	PSO:1231567,gbif:6934907	accepted		Eichler & Zlotorzycka, 1963	urn:lsid:Psocodea.speciesfile.org:TaxonName:493685		Eichler & Zlotorzycka. 1963. Studien uber Raubvogelfederlinge. IV. Bemerkenswerte Colpocephalidae von Geiern (Vulturidae und Aegypiidae). Acta Parasitol. 11:199-221	http://psocodea.speciesfile.org/Common/basic/Taxa.aspx?TaxonNameID=1231567	PSO		
-2115188	-2115188	-1690281	Helotorus capitator subsp. capitator	subspecies	gbif:7216496	accepted	Helotorus capitator capitator					https://www.gbif-uat.org/species/7216496	d7dddbf4-2cf0-4f39-9b2a-bb099caae36c		
-2389525	-2389525	-2331505	Ursus lotor Linnaeus, 1758	species	gbif:8337917	accepted	Ursus lotor	Linnaeus, 1758				https://www.gbif-uat.org/species/8337917	80b4b440-eaca-4860-aadf-d0dfdd3e856e		
-2424323	-2424323	-2389218	Procyon lotor subsp. dickeyi	subspecies	gbif:8958869	accepted	Procyon lotor dickeyi					https://www.gbif-uat.org/species/8958869	6cfd67d6-4f9b-400b-8549-1933ac27936f		
-586184	-586184	-329640	Aulotortus bulbus He, 1977	species	WOR:897394	accepted			urn:lsid:marinespecies.org:taxname:897394			http://www.marinespecies.org/foraminifera/aphia.php?p=taxdetails&id=897394	WOR		
-586185	-586185	-329640	Aulotortus irregularis He, 1977	species	WOR:907288	accepted			urn:lsid:marinespecies.org:taxname:907288			http://www.marinespecies.org/foraminifera/aphia.php?p=taxdetails&id=907288	WOR		
-586186	-586186	-329640	Aulotortus sinuosus Weynschenck, 1956	species	WOR:920134	accepted			urn:lsid:marinespecies.org:taxname:920134			http://www.marinespecies.org/foraminifera/aphia.php?p=taxdetails&id=920134	WOR		
-586187	-586187	-329640	Aulotortus columnaris He, 1982	species	WOR:898682	accepted			urn:lsid:marinespecies.org:taxname:898682			http://www.marinespecies.org/foraminifera/aphia.php?p=taxdetails&id=898682	WOR		
-586188	-586188	-329640	Aulotortus broennimanni Salaj, 1967	species	WOR:897271	accepted			urn:lsid:marinespecies.org:taxname:897271			http://www.marinespecies.org/foraminifera/aphia.php?p=taxdetails&id=897271	WOR		
-664814	-664814	-550759	Uncinaria lotoris	species	gbif:8766641	accepted	Uncinaria lotoris					https://www.gbif-uat.org/species/8766641	6cfd67d6-4f9b-400b-8549-1933ac27936f		
-733718	-733718	-576312	Thelotornis kirtlandii (Hallowell, 1844)	species	gbif:8966116	accepted	Thelotornis kirtlandii	(Hallowell, 1844)				https://www.gbif-uat.org/species/8966116	7ddf754f-d193-4cc9-b351-99906754a03b		
-2442260	-2442260	-2428438	Cyclotornidae	family	trunk:91adf60f-0b20-42c8-91f7-53f4c42d1fa8,gbif:4872	accepted							trunk	802	
-2474939	-2474939	-2451683	Phallotorynus Henn, 1916	genus	gbif:2350222	accepted	Phallotorynus	Henn, 1916				https://www.gbif-uat.org/species/2350222	7ddf754f-d193-4cc9-b351-99906754a03b	27197	canonical;
-576312	-576312	-326093	Thelotornis Smith, 1849	genus	gbif:2456339	accepted	Thelotornis	Smith, 1849				https://www.gbif-uat.org/species/2456339	7ddf754f-d193-4cc9-b351-99906754a03b	35210	canonical;
-1259067	-1259067	-1156187	Plotor Schioedte & Meinert, 1881	genus	WOR:249197,gbif:2210423	accepted			urn:lsid:marinespecies.org:taxname:249197			http://www.marinespecies.org/isopoda/aphia.php?p=taxdetails&id=249197	WOR	36209	multiple;
-543443	-543443	-292434	Dolotortula	genus	TPL:T5641	accepted							TPL	54210	
-704872	-704872	-565453	Psilotornus Byrd & Prestwood, 1969	genus	gbif:2505675	accepted	Psilotornus	Byrd & Prestwood, 1969				https://www.gbif-uat.org/species/2505675	7ddf754f-d193-4cc9-b351-99906754a03b	61227	canonical;
-1465776	-1465776	-1275773	Allotorymus Huber, 1927	genus	gbif:1372644	accepted	Allotorymus	Huber, 1927				https://www.gbif-uat.org/species/1372644	7ddf754f-d193-4cc9-b351-99906754a03b	86700	canonical;
-2464177	-2464177	-2442260	Cyclotorna Meyrick, 1907	genus	gbif:1751973	accepted	Cyclotorna	Meyrick, 1907				https://www.gbif-uat.org/species/1751973	7ddf754f-d193-4cc9-b351-99906754a03b	95408	canonical;
-2535668	-2535668	-2474939	Phallotorynus fasciolatus Henn, 1916	species	gbif:2350229	accepted	Phallotorynus fasciolatus	Henn, 1916				https://www.gbif-uat.org/species/2350229	7ddf754f-d193-4cc9-b351-99906754a03b	215593	
-2535667	-2535667	-2474939	Phallotorynus jucundus Ihering, 1930	species	gbif:2350224	accepted	Phallotorynus jucundus	Ihering, 1930				https://www.gbif-uat.org/species/2350224	7ddf754f-d193-4cc9-b351-99906754a03b	215594	
-2535663	-2535663	-2474939	Phallotorynus victoriae Oliveros, 1983	species	gbif:2350223	accepted	Phallotorynus victoriae	Oliveros, 1983				https://www.gbif-uat.org/species/2350223	7ddf754f-d193-4cc9-b351-99906754a03b	218656	
-2535666	-2535666	-2474939	Phallotorynus psittakos Lucinda, Rosa & Reis, 2005	species	gbif:2350227	accepted	Phallotorynus psittakos	Lucinda, Rosa & Reis, 2005				https://www.gbif-uat.org/species/2350227	7ddf754f-d193-4cc9-b351-99906754a03b	222230	
-2535665	-2535665	-2474939	Phallotorynus dispilos Lucinda, Rosa & Reis, 2005	species	gbif:2350226	accepted	Phallotorynus dispilos	Lucinda, Rosa & Reis, 2005				https://www.gbif-uat.org/species/2350226	7ddf754f-d193-4cc9-b351-99906754a03b	222238	
-2458963	-2458963	-2441975	Ceratophaga nephelotorna (Meyrick, 1932)	species	gbif:1857512	accepted	Ceratophaga nephelotorna	(Meyrick, 1932)				https://www.gbif-uat.org/species/1857512	7ddf754f-d193-4cc9-b351-99906754a03b	246755	
-1398187	-1398187	-1259067	Plotor indus Schioedte & Meinert, 1881	species	WOR:262188,gbif:2210424	accepted			urn:lsid:marinespecies.org:taxname:262188		Schioedte, J. C. and Meinert, F. W. (1881) Symbolae ad Monographiam Cymothoarum Crustaceorum Isopodum Familiae 2. Anilocridae. Naturhistorisk Tidsskrift (3) 13: 1-166.	http://www.marinespecies.org/isopoda/aphia.php?p=taxdetails&id=262188	WOR	290081	multiple;
-733716	-733716	-576312	Thelotornis usambaricus Broadley, 2001	species	gbif:2456344	accepted	Thelotornis usambaricus	Broadley, 2001				https://www.gbif-uat.org/species/2456344	7ddf754f-d193-4cc9-b351-99906754a03b	290147	canonical;
-2389218	-2389218	-2331435	Procyon lotor (Linnaeus, 1758)	species	gbif:5218786	accepted	Procyon lotor	(Linnaeus, 1758)				https://www.gbif-uat.org/species/5218786	7ddf754f-d193-4cc9-b351-99906754a03b	328598	
-647692	-647692	-543443	Dolotortula mniifolia (Sull.) R.H. Zander	species	TPL:tro-35183723	accepted		(Sull.) R.H. Zander			Phytologia, 65: 426, 426, 1989	http://www.theplantlist.org/tpl1.1/record/tro-35183723	TPL	420759	canonical;
-1078465	-1078465	-704872	Psilotornus audacirrus	species	gbif:2505676	accepted	Psilotornus audacirrus					https://www.gbif-uat.org/species/2505676	7ddf754f-d193-4cc9-b351-99906754a03b	483905	
-2535664	-2535664	-2474939	Phallotorynus pankalos Lucinda, Rosa & Reis, 2005	species	gbif:2350228	accepted	Phallotorynus pankalos	Lucinda, Rosa & Reis, 2005				https://www.gbif-uat.org/species/2350228	7ddf754f-d193-4cc9-b351-99906754a03b	580672	
-2309366	-2309366	-2187310	Lepidostoma lotor Ross, 1946	species	gbif:5054556	accepted	Lepidostoma lotor	Ross, 1946				https://www.gbif-uat.org/species/5054556	7ddf754f-d193-4cc9-b351-99906754a03b	607644	
-1284351	-1284351	-1165550	Chaetopsylla lotoris (Stewart, 1926)	species	gbif:1416235	accepted	Chaetopsylla lotoris	(Stewart, 1926)				https://www.gbif-uat.org/species/1416235	7ddf754f-d193-4cc9-b351-99906754a03b	704674	
-733717	-733717	-576312	Thelotornis capensis Smith, 1849	species	gbif:2456346	accepted	Thelotornis capensis	Smith, 1849				https://www.gbif-uat.org/species/2456346	7ddf754f-d193-4cc9-b351-99906754a03b	790469	canonical;
-1741181	-1741181	-1465776	Allotorymus splendens (Provancher, 1887)	species	gbif:1372645	accepted	Allotorymus splendens	(Provancher, 1887)				https://www.gbif-uat.org/species/1372645	7ddf754f-d193-4cc9-b351-99906754a03b	845998	
-2494331	-2494331	-2461977	Odites holotorna Meyrick, 1925	species	gbif:1839110	accepted	Odites holotorna	Meyrick, 1925				https://www.gbif-uat.org/species/1839110	7ddf754f-d193-4cc9-b351-99906754a03b	945695	
-2521294	-2521294	-2464177	Cyclotorna monocentra Meyrick, 1907	species	gbif:1751975	accepted	Cyclotorna monocentra	Meyrick, 1907				https://www.gbif-uat.org/species/1751975	7ddf754f-d193-4cc9-b351-99906754a03b	948331	
-2521291	-2521291	-2464177	Cyclotorna diplocentra Turner, 1913	species	gbif:1751978	accepted	Cyclotorna diplocentra	Turner, 1913				https://www.gbif-uat.org/species/1751978	7ddf754f-d193-4cc9-b351-99906754a03b	949933	
-2521290	-2521290	-2464177	Cyclotorna egena Meyrick, 1912	species	gbif:1751976	accepted	Cyclotorna egena	Meyrick, 1912				https://www.gbif-uat.org/species/1751976	7ddf754f-d193-4cc9-b351-99906754a03b	949934	
-2521292	-2521292	-2464177	Cyclotorna ementita Meyrick, 1921	species	gbif:1751974	accepted	Cyclotorna ementita	Meyrick, 1921				https://www.gbif-uat.org/species/1751974	7ddf754f-d193-4cc9-b351-99906754a03b	949935	
-2521293	-2521293	-2464177	Cyclotorna experta Meyrick, 1912	species	gbif:1751977	accepted	Cyclotorna experta	Meyrick, 1912				https://www.gbif-uat.org/species/1751977	7ddf754f-d193-4cc9-b351-99906754a03b	949936	
-1996054	-1996054	-1647153	Psapharochrus lotor (White, 1855)	species	gbif:1107542	accepted	Psapharochrus lotor	(White, 1855)				https://www.gbif-uat.org/species/1107542	7ddf754f-d193-4cc9-b351-99906754a03b	970040	
-498138	-498138	-217144	Nigrolentilocus lotorum (Morgan-Jones) R.F. Castañeda & Heredia, 2001	species	gbif:2619621	accepted	Nigrolentilocus lotorum	R.F. Castañeda & Heredia, 2001 (Morgan-Jones)				https://www.gbif-uat.org/species/2619621	7ddf754f-d193-4cc9-b351-99906754a03b	1004962	
-787639	-787639	-618084	Croton lotorius Croizat	species	TPL:kew-50410	accepted		Croizat	urn:lsid:ipni.org:names:70463-2			http://www.theplantlist.org/tpl1.1/record/kew-50410	TPL	1146962	
-997704	-997704	-672095	Triadokoenenia millotorum Condé, 1991	species	gbif:2181874	accepted	Triadokoenenia millotorum	Condé, 1991				https://www.gbif-uat.org/species/2181874	7ddf754f-d193-4cc9-b351-99906754a03b	1166061	
-2424314	-2424314	-2389218	Procyon lotor subsp. inesperatus Nelson, 1930	subspecies	gbif:5218791	accepted	Procyon lotor inesperatus	Nelson, 1930				https://www.gbif-uat.org/species/5218791	7ddf754f-d193-4cc9-b351-99906754a03b	1227915	canonical;
-2424304	-2424304	-2389218	Procyon lotor subsp. litoreus Nelson & Goldman, 1930	subspecies	gbif:5218792	accepted	Procyon lotor litoreus	Nelson & Goldman, 1930				https://www.gbif-uat.org/species/5218792	7ddf754f-d193-4cc9-b351-99906754a03b	1228353	canonical;
-2424321	-2424321	-2389218	Procyon lotor subsp. marinus Nelson, 1930	subspecies	gbif:5218802	accepted	Procyon lotor marinus	Nelson, 1930				https://www.gbif-uat.org/species/5218802	7ddf754f-d193-4cc9-b351-99906754a03b	1228354	canonical;
-2424307	-2424307	-2389218	Procyon lotor subsp. gloveralleni Nelson & Goldman, 1930	subspecies	gbif:5218788	accepted	Procyon lotor gloveralleni	Nelson & Goldman, 1930				https://www.gbif-uat.org/species/5218788	7ddf754f-d193-4cc9-b351-99906754a03b	1228361	canonical;
-2424313	-2424313	-2389218	Procyon lotor subsp. vancouverensis Nelson & Goldman, 1930	subspecies	gbif:5218812	accepted	Procyon lotor vancouverensis	Nelson & Goldman, 1930				https://www.gbif-uat.org/species/5218812	7ddf754f-d193-4cc9-b351-99906754a03b	1228406	canonical;
-2424315	-2424315	-2389218	Procyon lotor subsp. hirtus Nelson & Goldman, 1930	subspecies	gbif:5218799	accepted	Procyon lotor hirtus	Nelson & Goldman, 1930				https://www.gbif-uat.org/species/5218799	7ddf754f-d193-4cc9-b351-99906754a03b	1228613	canonical;
-2424308	-2424308	-2389218	Procyon lotor subsp. grinnelli Nelson & Goldman, 1930	subspecies	gbif:5218798	accepted	Procyon lotor grinnelli	Nelson & Goldman, 1930				https://www.gbif-uat.org/species/5218798	7ddf754f-d193-4cc9-b351-99906754a03b	1229008	canonical;
-2424318	-2424318	-2389218	Procyon lotor subsp. fuscipes Mearns, 1914	subspecies	gbif:5218806	accepted	Procyon lotor fuscipes	Mearns, 1914				https://www.gbif-uat.org/species/5218806	7ddf754f-d193-4cc9-b351-99906754a03b	1229009	canonical;
-1103071	-1103071	-733717	Thelotornis capensis subsp. schilsi Derleyn, 1978	subspecies	gbif:6161497	accepted	Thelotornis capensis schilsi	Derleyn, 1978				https://www.gbif-uat.org/species/6161497	7ddf754f-d193-4cc9-b351-99906754a03b	1242369	canonical;
-733715	-733715	-576312	Thelotornis mossambicanus (Bocage, 1895)	species	gbif:2456352	accepted	Thelotornis mossambicanus	(Bocage, 1895)				https://www.gbif-uat.org/species/2456352	7ddf754f-d193-4cc9-b351-99906754a03b	1242522	canonical;
-1103070	-1103070	-733717	Thelotornis capensis subsp. oatesi (Günther, 1881)	subspecies	gbif:6161499	accepted	Thelotornis capensis oatesi	(Günther, 1881)				https://www.gbif-uat.org/species/6161499	7ddf754f-d193-4cc9-b351-99906754a03b	1242523	canonical;
-1103069	-1103069	-733717	Thelotornis capensis subsp. capensis	subspecies	gbif:7061753	accepted	Thelotornis capensis capensis	(Smith, 1849)				https://www.gbif-uat.org/species/7061753	7ddf754f-d193-4cc9-b351-99906754a03b	1253635	canonical;
-2424317	-2424317	-2389218	Procyon lotor subsp. lotor	subspecies	gbif:7193893	accepted	Procyon lotor lotor					https://www.gbif-uat.org/species/7193893	7ddf754f-d193-4cc9-b351-99906754a03b	1265610	canonical;
-2424309	-2424309	-2389218	Procyon lotor subsp. elucus Bangs, 1898	subspecies	gbif:5218805	accepted	Procyon lotor elucus	Bangs, 1898				https://www.gbif-uat.org/species/5218805	7ddf754f-d193-4cc9-b351-99906754a03b	1265754	canonical;
-2424322	-2424322	-2389218	Procyon lotor subsp. simus Gidley, 1906	subspecies	gbif:5218795	accepted	Procyon lotor simus	Gidley, 1906				https://www.gbif-uat.org/species/5218795	7ddf754f-d193-4cc9-b351-99906754a03b	1267496	canonical;
-2424305	-2424305	-2389218	Procyon lotor subsp. pallidus Merriam, 1900	subspecies	gbif:5218794	accepted	Procyon lotor pallidus	Merriam, 1900				https://www.gbif-uat.org/species/5218794	7ddf754f-d193-4cc9-b351-99906754a03b	1267598	canonical;
-2424301	-2424301	-2389218	Procyon lotor subsp. pacificus Merriam, 1899	subspecies	gbif:5218803	accepted	Procyon lotor pacificus	Merriam, 1899				https://www.gbif-uat.org/species/5218803	7ddf754f-d193-4cc9-b351-99906754a03b	1267599	canonical;
-2424306	-2424306	-2389218	Procyon lotor subsp. maynardi Bangs, 1898	subspecies	gbif:5218808	accepted	Procyon lotor maynardi	Bangs, 1898				https://www.gbif-uat.org/species/5218808	7ddf754f-d193-4cc9-b351-99906754a03b	1267825	canonical;
-2424319	-2424319	-2389218	Procyon lotor subsp. incautus Nelson, 1930	subspecies	gbif:5218807	accepted	Procyon lotor incautus	Nelson, 1930				https://www.gbif-uat.org/species/5218807	7ddf754f-d193-4cc9-b351-99906754a03b	1267935	canonical;
-2424316	-2424316	-2389218	Procyon lotor subsp. insularis Merriam, 1898	subspecies	gbif:5218800	accepted	Procyon lotor insularis	Merriam, 1898				https://www.gbif-uat.org/species/5218800	7ddf754f-d193-4cc9-b351-99906754a03b	1267936	canonical;
-2424311	-2424311	-2389218	Procyon lotor subsp. hernandezii Wagler, 1831	subspecies	gbif:5218790	accepted	Procyon lotor hernandezii	Wagler, 1831				https://www.gbif-uat.org/species/5218790	7ddf754f-d193-4cc9-b351-99906754a03b	1273510	canonical;
-2424302	-2424302	-2389218	Procyon lotor subsp. psora Gray, 1842	subspecies	gbif:5218804	accepted	Procyon lotor psora	Gray, 1842				https://www.gbif-uat.org/species/5218804	7ddf754f-d193-4cc9-b351-99906754a03b	1273518	canonical;
-2424310	-2424310	-2389218	Procyon lotor subsp. excelsus Nelson & Goldman, 1930	subspecies	gbif:5218797	accepted	Procyon lotor excelsus	Nelson & Goldman, 1930				https://www.gbif-uat.org/species/5218797	7ddf754f-d193-4cc9-b351-99906754a03b	1273534	canonical;
-2424312	-2424312	-2389218	Procyon lotor subsp. auspicatus Nelson, 1930	subspecies	gbif:5218796	accepted	Procyon lotor auspicatus	Nelson, 1930				https://www.gbif-uat.org/species/5218796	7ddf754f-d193-4cc9-b351-99906754a03b	1273535	canonical;
-2424324	-2424324	-2389218	Procyon lotor subsp. megalodous Lowery, 1943	subspecies	gbif:5218793	accepted	Procyon lotor megalodous	Lowery, 1943				https://www.gbif-uat.org/species/5218793	7ddf754f-d193-4cc9-b351-99906754a03b	1274048	canonical;
-2424303	-2424303	-2389218	Procyon lotor subsp. pumilus Miller, 1911	subspecies	gbif:5218811	accepted	Procyon lotor pumilus	Miller, 1911				https://www.gbif-uat.org/species/5218811	7ddf754f-d193-4cc9-b351-99906754a03b	1274049	canonical;
-2011225	-2011225	-1649442	Tmesisternus lotor Pascoe, 1860	species	gbif:6101360	accepted	Tmesisternus lotor	Pascoe, 1860				https://www.gbif-uat.org/species/6101360	7ddf754f-d193-4cc9-b351-99906754a03b	3419805	
-2248856	-2248856	-2011225	Tmesisternus lotor subsp. externemaculatus Breuning & de Jong, 1941	subspecies	gbif:6268679	accepted	Tmesisternus lotor externemaculatus	Breuning & de Jong, 1941				https://www.gbif-uat.org/species/6268679	7ddf754f-d193-4cc9-b351-99906754a03b	3419806	canonical;
-2248853	-2248853	-2011225	Tmesisternus lotor subsp. gebehensis Breuning & de Jong, 1941	subspecies	gbif:6268678	accepted	Tmesisternus lotor gebehensis	Breuning & de Jong, 1941				https://www.gbif-uat.org/species/6268678	7ddf754f-d193-4cc9-b351-99906754a03b	3419807	canonical;
-2248854	-2248854	-2011225	Tmesisternus lotor subsp. mortyanus (Thomson, 1865)	subspecies	gbif:6268677	accepted	Tmesisternus lotor mortyanus	(Thomson, 1865)				https://www.gbif-uat.org/species/6268677	7ddf754f-d193-4cc9-b351-99906754a03b	3419808	canonical;
-2248855	-2248855	-2011225	Tmesisternus lotor subsp. lotor	subspecies	gbif:7202214	accepted	Tmesisternus lotor lotor					https://www.gbif-uat.org/species/7202214	d7dddbf4-2cf0-4f39-9b2a-bb099caae36c	3419809	canonical;
-1689788	-1689788	-1457244	Platylabops allotorpidops Bauer, 2001	species	gbif:1289854	accepted	Platylabops allotorpidops	Bauer, 2001				https://www.gbif-uat.org/species/1289854	7ddf754f-d193-4cc9-b351-99906754a03b	3783284	
-1457272	-1457272	-1275450	Helotorus Townes, 1978	genus	gbif:1306170	accepted	Helotorus	Townes, 1978				https://www.gbif-uat.org/species/1306170	7ddf754f-d193-4cc9-b351-99906754a03b	3783569	canonical;
-1690281	-1690281	-1457272	Helotorus capitator Townes, 1978	species	gbif:1306173	accepted	Helotorus capitator	Townes, 1978				https://www.gbif-uat.org/species/1306173	7ddf754f-d193-4cc9-b351-99906754a03b	3783570	
-2190078	-2190078	-1810253	Laemobothrion vulturis subsp. gypaeti Zlotorzycka, 1969	subspecies	gbif:4423024	accepted	Laemobothrion vulturis gypaeti	Zlotorzycka, 1969				https://www.gbif-uat.org/species/4423024	90d9e8a6-0ce1-472d-b682-3451095dbc5a	4190119	canonical;
-1810560	-1810560	-1534817	Myrsidea proterva (Zlotorzycka, 1964)	species	PSO:1232006,gbif:4422535	accepted		(Zlotorzycka, 1964)	urn:lsid:Psocodea.speciesfile.org:TaxonName:494615		Zlotorzycka. 1964. Mallophaga parasitizing Passeriformes and Pici. I. Subfamilies Dennyinae, Machaerilaeminae, Colpocephalinae. Acta Parasitol. 12:165-192	http://psocodea.speciesfile.org/Common/basic/Taxa.aspx?TaxonNameID=1232006	PSO	4217635	
-2190225	-2190225	-1811471	Pseudomenopon pilosum subsp. zlotorzyckae Lucinska, 1969	subspecies	gbif:4422955	accepted	Pseudomenopon pilosum zlotorzyckae	Lucinska, 1969				https://www.gbif-uat.org/species/4422955	90d9e8a6-0ce1-472d-b682-3451095dbc5a	4217698	canonical;
-1811222	-1811222	-1534851	Austromenopon decorosum Zlotorzycka, 1968	species	PSO:1231053,gbif:4422736	accepted		Zlotorzycka, 1968	urn:lsid:Psocodea.speciesfile.org:TaxonName:492997		Zlotorzycka. 1968. Systematische Studien an den mitteleuropaischen Arten der Gattung Austromenopon Bedf. (Mallophaga, Austromenoponinae). Polskie Pismo Entomol. 38:301-340	http://psocodea.speciesfile.org/Common/basic/Taxa.aspx?TaxonNameID=1231053	PSO	4217718	
-1811244	-1811244	-1534851	Austromenopon hystriculum Zlotorzycka, 1968	species	PSO:1231072,gbif:4422741	accepted		Zlotorzycka, 1968	urn:lsid:Psocodea.speciesfile.org:TaxonName:493017		Zlotorzycka. 1968. Systematische Studien an den mitteleuropaischen Arten der Gattung Austromenopon Bedf. (Mallophaga, Austromenoponinae). Polskie Pismo Entomol. 38:301-340	http://psocodea.speciesfile.org/Common/basic/Taxa.aspx?TaxonNameID=1231072	PSO	4217726	
-1811237	-1811237	-1534851	Austromenopon erilis Zlotorzycka, 1968	species	PSO:1231061,gbif:4422757	accepted		Zlotorzycka, 1968	urn:lsid:Psocodea.speciesfile.org:TaxonName:493005		Zlotorzycka. 1968. Systematische Studien an den mitteleuropaischen Arten der Gattung Austromenopon Bedf. (Mallophaga, Austromenoponinae). Polskie Pismo Entomol. 38:301-340	http://psocodea.speciesfile.org/Common/basic/Taxa.aspx?TaxonNameID=1231061	PSO	4217735	
-2190164	-2190164	-1811262	Austromenopon atrofulvum subsp. infans Zlotorzycka, 1968	subspecies	gbif:4422747	accepted	Austromenopon atrofulvum infans	Zlotorzycka, 1968				https://www.gbif-uat.org/species/4422747	90d9e8a6-0ce1-472d-b682-3451095dbc5a	4217743	canonical;
-2190165	-2190165	-1811262	Austromenopon atrofulvum subsp. paucum Zlotorzycka, 1968	subspecies	gbif:4422748	accepted	Austromenopon atrofulvum paucum	Zlotorzycka, 1968				https://www.gbif-uat.org/species/4422748	90d9e8a6-0ce1-472d-b682-3451095dbc5a	4217744	canonical;
-2190161	-2190161	-1811222	Austromenopon decorosum subsp. erilis Zlotorzycka, 1968	subspecies	gbif:4422738	accepted	Austromenopon decorosum erilis	Zlotorzycka, 1968				https://www.gbif-uat.org/species/4422738	90d9e8a6-0ce1-472d-b682-3451095dbc5a	4217745	canonical;
-2190163	-2190163	-1811262	Austromenopon atrofulvum subsp. piageti Zlotorzycka, 1968	subspecies	gbif:4422749	accepted	Austromenopon atrofulvum piageti	Zlotorzycka, 1968				https://www.gbif-uat.org/species/4422749	90d9e8a6-0ce1-472d-b682-3451095dbc5a	4217746	canonical;
-2190255	-2190255	-1811502	Menacanthus eurysternus subsp. polonicus Eichler & Zlotorzycka, 1963	subspecies	gbif:4422925	accepted	Menacanthus eurysternus polonicus	Eichler & Zlotorzycka, 1963				https://www.gbif-uat.org/species/4422925	90d9e8a6-0ce1-472d-b682-3451095dbc5a	4217800	canonical;
-2190274	-2190274	-1811518	Menacanthus curuccae subsp. vistulanus Eichler & Zlotorzycka, 1963	subspecies	gbif:4422887	accepted	Menacanthus curuccae vistulanus	Eichler & Zlotorzycka, 1963				https://www.gbif-uat.org/species/4422887	90d9e8a6-0ce1-472d-b682-3451095dbc5a	4217809	canonical;
-2190257	-2190257	-1811502	Menacanthus eurysternus subsp. wipszycki Eichler & Zlotorzycka, 1963	subspecies	gbif:4422945	accepted	Menacanthus eurysternus wipszycki	Eichler & Zlotorzycka, 1963				https://www.gbif-uat.org/species/4422945	90d9e8a6-0ce1-472d-b682-3451095dbc5a	4217812	canonical;
-2190267	-2190267	-1811502	Menacanthus eurysternus subsp. festivus Eichler & Zlotorzycka, 1963	subspecies	gbif:4422938	accepted	Menacanthus eurysternus festivus	Eichler & Zlotorzycka, 1963				https://www.gbif-uat.org/species/4422938	90d9e8a6-0ce1-472d-b682-3451095dbc5a	4217813	canonical;
-2190262	-2190262	-1811502	Menacanthus eurysternus subsp. inscitus Zlotorzycka, 1965	subspecies	gbif:4422939	accepted	Menacanthus eurysternus inscitus	Zlotorzycka, 1965				https://www.gbif-uat.org/species/4422939	90d9e8a6-0ce1-472d-b682-3451095dbc5a	4217817	canonical;
-2190250	-2190250	-1811499	Menacanthus pusillus subsp. trivialis Zlotorzycka, 1973	subspecies	gbif:4422907	accepted	Menacanthus pusillus trivialis	Zlotorzycka, 1973				https://www.gbif-uat.org/species/4422907	90d9e8a6-0ce1-472d-b682-3451095dbc5a	4217829	canonical;
-2190253	-2190253	-1811502	Menacanthus eurysternus subsp. pius Eichler & Zlotorzycka, 1963	subspecies	gbif:4422942	accepted	Menacanthus eurysternus pius	Eichler & Zlotorzycka, 1963				https://www.gbif-uat.org/species/4422942	90d9e8a6-0ce1-472d-b682-3451095dbc5a	4217830	canonical;
-2190244	-2190244	-1811489	Menacanthus sinuatus subsp. subhorridus Zlotorzycka, 1965	subspecies	gbif:4422912	accepted	Menacanthus sinuatus subhorridus	Zlotorzycka, 1965				https://www.gbif-uat.org/species/4422912	90d9e8a6-0ce1-472d-b682-3451095dbc5a	4217835	canonical;
-2190272	-2190272	-1811518	Menacanthus curuccae subsp. verecundus Zlotorzycka, 1965	subspecies	gbif:4422880	accepted	Menacanthus curuccae verecundus	Zlotorzycka, 1965				https://www.gbif-uat.org/species/4422880	90d9e8a6-0ce1-472d-b682-3451095dbc5a	4217842	canonical;
-2190245	-2190245	-1811489	Menacanthus sinuatus subsp. bussei Zlotorzycka, 1965	subspecies	gbif:4422911	accepted	Menacanthus sinuatus bussei	Zlotorzycka, 1965				https://www.gbif-uat.org/species/4422911	90d9e8a6-0ce1-472d-b682-3451095dbc5a	4217846	canonical;
-1810542	-1810542	-1534812	Menopon deryloi Zlotorzycka, 1972	species	gbif:4422565	accepted	Menopon deryloi	Zlotorzycka, 1972				https://www.gbif-uat.org/species/4422565	90d9e8a6-0ce1-472d-b682-3451095dbc5a	4217853	
-2190409	-2190409	-1811762	Amyrsidea lagopi subsp. obstinata Zlotorzycka, 1972	subspecies	gbif:4422801	accepted	Amyrsidea lagopi obstinata	Zlotorzycka, 1972				https://www.gbif-uat.org/species/4422801	90d9e8a6-0ce1-472d-b682-3451095dbc5a	4218012	canonical;
-1809711	-1809711	-1534743	Philopterus residuus (Zlotorzycka, 1964)	species	PSO:1228427	accepted		(Zlotorzycka, 1964)	urn:lsid:Psocodea.speciesfile.org:TaxonName:479206		Zlotorzycka. 1964. Mallophaga parasitizing Passeriformes and Pici. III. Philopterinae. Acta Parasitol. 12:401-430	http://psocodea.speciesfile.org/Common/basic/Taxa.aspx?TaxonNameID=1228427	PSO	4218490	
-1809637	-1809637	-1534743	Philopterus capillatus (Zlotorzycka, 1964)	species	PSO:1228096	accepted		(Zlotorzycka, 1964)	urn:lsid:Psocodea.speciesfile.org:TaxonName:478614		Zlotorzycka. 1964. Mallophaga parasitizing Passeriformes and Pici. III. Philopterinae. Acta Parasitol. 12:401-430	http://psocodea.speciesfile.org/Common/basic/Taxa.aspx?TaxonNameID=1228096	PSO	4218492	
-1809740	-1809740	-1534743	Philopterus rapax (Zlotorzycka, 1964)	species	PSO:1228423	accepted		(Zlotorzycka, 1964)	urn:lsid:Psocodea.speciesfile.org:TaxonName:479199		Zlotorzycka. 1964. Mallophaga parasitizing Passeriformes and Pici. III. Philopterinae. Acta Parasitol. 12:401-430	http://psocodea.speciesfile.org/Common/basic/Taxa.aspx?TaxonNameID=1228423	PSO	4218495	
-1809738	-1809738	-1534743	Philopterus fortunatus (Zlotorzycka, 1964)	species	PSO:1228154	accepted		(Zlotorzycka, 1964)	urn:lsid:Psocodea.speciesfile.org:TaxonName:478697		Zlotorzycka. 1964. Mallophaga parasitizing Passeriformes and Pici. III. Philopterinae. Acta Parasitol. 12:401-430	http://psocodea.speciesfile.org/Common/basic/Taxa.aspx?TaxonNameID=1228154	PSO	4218503	
-1809699	-1809699	-1534743	Philopterus cumulatus (Zlotorzycka, 1964)	species	PSO:1228132	accepted		(Zlotorzycka, 1964)	urn:lsid:Psocodea.speciesfile.org:TaxonName:478664		Zlotorzycka. 1964. Mallophaga parasitizing Passeriformes and Pici. III. Philopterinae. Acta Parasitol. 12:401-430	http://psocodea.speciesfile.org/Common/basic/Taxa.aspx?TaxonNameID=1228132	PSO	4218506	
-1809644	-1809644	-1534743	Philopterus mirificus (Zlotorzycka, 1964)	species	PSO:1228280	accepted		(Zlotorzycka, 1964)	urn:lsid:Psocodea.speciesfile.org:TaxonName:478889		Zlotorzycka. 1964. Mallophaga parasitizing Passeriformes and Pici. III. Philopterinae. Acta Parasitol. 12:401-430	http://psocodea.speciesfile.org/Common/basic/Taxa.aspx?TaxonNameID=1228280	PSO	4218522	
-1808875	-1808875	-1534698	Sturnidoecus blandus Zlotorzycka, 1964	species	PSO:1229856	accepted		Zlotorzycka, 1964	urn:lsid:Psocodea.speciesfile.org:TaxonName:491262		Zlotorzycka. 1964. Mallophaga parasitizing Passeriformes and Pici. II. Brueeliinae. Acta Parasitol. 12:239-282	http://psocodea.speciesfile.org/Common/basic/Taxa.aspx?TaxonNameID=1229856	PSO	4218593	
-721165	-721165	-573125	Ptilotorhynchus Cooper & Grant, 1976	genus	gbif:4866018	accepted	Ptilotorhynchus	Cooper & Grant, 1976				https://www.gbif-uat.org/species/4866018	0938172b-2086-439c-a1dd-c21cb0109ed5	4341743	
-1089476	-1089476	-721165	Ptilotorhynchus delicatum Cooper & Grant	species	gbif:4976858	accepted	Ptilotorhynchus delicatum	Cooper & Grant				https://www.gbif-uat.org/species/4976858	6cfd67d6-4f9b-400b-8549-1933ac27936f	4341744	canonical;
-1196355	-1196355	-1041002	Cymatium lotorium (Linnaeus, 1758)	species	WOR:211062,gbif:5724902	accepted			urn:lsid:marinespecies.org:taxname:211062			http://www.molluscabase.org/aphia.php?p=taxdetails&id=211062	WOR	4869044	multiple;
-1078466	-1078466	-704872	Psilotornus confertus Machalska, 1974	species	gbif:4414173	accepted	Psilotornus confertus	Machalska, 1974				https://www.gbif-uat.org/species/4414173	90d9e8a6-0ce1-472d-b682-3451095dbc5a	4970469	
-329640	-329640	-170377	Aulotortus Weynschenk, 1956	genus	WOR:721906	accepted			urn:lsid:marinespecies.org:taxname:721906			http://www.marinespecies.org/foraminifera/aphia.php?p=taxdetails&id=721906	WOR	6819870	
-1274362	-1274362	-1162093	Hylotorus	genus	gbif:4749243	accepted	Hylotorus					https://www.gbif-uat.org/species/4749243	7ddf754f-d193-4cc9-b351-99906754a03b	8910490	
-1534849	-1534849	-1288530	Ctenigogus Eichler & Zlotorzycka, 1963	genus	PSO:1230580,gbif:4573434	accepted		Eichler & Zlotorzycka, 1963	urn:lsid:Psocodea.speciesfile.org:TaxonName:492294		Eichler & Zlotorzycka. 1963. Studien uber Raubvogelfederlinge. II. Ctenigogus erinaceimorphus nov. gen. et spec., eine eigentumliche neue Colpodephalide vom Bengalengeier. Angew. Parasitol. 4:40-44	http://psocodea.speciesfile.org/Common/basic/Taxa.aspx?TaxonNameID=1230580	PSO	8984703	canonical;
-170377	-170377	-107163	Aulotortinae Zaninetti, 1984	subfamily	WOR:721149	accepted			urn:lsid:marinespecies.org:taxname:721149			http://www.marinespecies.org/foraminifera/aphia.php?p=taxdetails&id=721149	WOR	9150376	
-1808661	-1808661	-1534683	Penenirmus affectator (Zlotorzycka, 1976)	species	PSO:1227933	accepted		(Zlotorzycka, 1976)	urn:lsid:Psocodea.speciesfile.org:TaxonName:478340		Zlotorzycka. 1976. Europaische Arten der Mallophagen-Gattung Pleurinirmus. Angew. Parasitol. 17:208-214	http://psocodea.speciesfile.org/Common/basic/Taxa.aspx?TaxonNameID=1227933	PSO	13603401	canonical;
-1808658	-1808658	-1534683	Penenirmus phylloscopi (Zlotorzycka, 1976)	species	PSO:1227995	accepted		(Zlotorzycka, 1976)	urn:lsid:Psocodea.speciesfile.org:TaxonName:478419		Zlotorzycka. 1976. Europaische Arten der Mallophagen-Gattung Pleurinirmus. Angew. Parasitol. 17:208-214	http://psocodea.speciesfile.org/Common/basic/Taxa.aspx?TaxonNameID=1227995	PSO	13603495	canonical;
-1807546	-1807546	-1534624	Craspedorrhynchus fraterculus Eichler & Zlotorzycka, 1975	species	PSO:1226296	accepted		Eichler & Zlotorzycka, 1975	urn:lsid:Psocodea.speciesfile.org:TaxonName:476142		Eichler & Zlotorzycka. 1975. Studien uber Raubvogelfederlinge. VIII. Craspedorrhynchus fraterculus n. sp. von Aquila heliaca. Angew. Parasitol. 16:153-161	http://psocodea.speciesfile.org/Common/basic/Taxa.aspx?TaxonNameID=1226296	PSO	13714262	canonical;
-1808670	-1808670	-1534683	Penenirmus visendus (Zlotorzycka, 1964)	species	PSO:1227755	accepted		(Zlotorzycka, 1964)	urn:lsid:Psocodea.speciesfile.org:TaxonName:478560		Zlotorzycka. 1964. Mallophaga parasitizing Passeriformes and Pici. II. Brueeliinae. Acta Parasitol. 12:239-282	http://psocodea.speciesfile.org/Common/basic/Taxa.aspx?TaxonNameID=1227755	PSO	13714573	
-1811475	-1811475	-1534882	Uchida phasiani Modrzejewska & Zlotorzycka, 1977	species	gbif:4422636	accepted	Uchida phasiani	Modrzejewska & Zlotorzycka, 1977				https://www.gbif-uat.org/species/4422636	90d9e8a6-0ce1-472d-b682-3451095dbc5a	13714724	
-664802	-664802	-550757	Placoconus lotoris Schwartz, 1925	species	gbif:7034559	accepted	Placoconus lotoris	Schwartz, 1925				https://www.gbif-uat.org/species/7034559	0938172b-2086-439c-a1dd-c21cb0109ed5	13821440	
-1811858	-1811858	-1534943	Mjoberginirmus obliquus subsp. musealis Zlotorzycka, 1967	subspecies	gbif:4421417	accepted	Mjoberginirmus obliquus musealis	Zlotorzycka, 1967				https://www.gbif-uat.org/species/4421417	90d9e8a6-0ce1-472d-b682-3451095dbc5a	13853151	canonical;
-1732520	-1732520	-1464962	Ichneumon lotorius Villers, 1789	species	gbif:5030443	accepted	Ichneumon lotorius	Villers, 1789				https://www.gbif-uat.org/species/5030443	7ddf754f-d193-4cc9-b351-99906754a03b	16347592	
-1690280	-1690280	-1457272	Helotorus argyresthiae (Walley, 1961)	species	gbif:1306171	accepted	Helotorus argyresthiae	(Walley, 1961)				https://www.gbif-uat.org/species/1306171	7ddf754f-d193-4cc9-b351-99906754a03b	16372698	
-1690282	-1690282	-1457272	Helotorus pallicoxis Townes, 1978	species	gbif:1306175	accepted	Helotorus pallicoxis	Townes, 1978				https://www.gbif-uat.org/species/1306175	7ddf754f-d193-4cc9-b351-99906754a03b	16372699	
-2115189	-2115189	-1690281	Helotorus capitator subsp. europeator Aubert, 1978	subspecies	gbif:6251514	accepted	Helotorus capitator europeator	Aubert, 1978				https://www.gbif-uat.org/species/6251514	7ddf754f-d193-4cc9-b351-99906754a03b	16372701	canonical;
-1690283	-1690283	-1457272	Helotorus glaber Townes, 1978	species	gbif:1306172	accepted	Helotorus glaber	Townes, 1978				https://www.gbif-uat.org/species/1306172	7ddf754f-d193-4cc9-b351-99906754a03b	16372702	
-2424320	-2424320	-2389218	Procyon lotor subsp. maritimus Dozier	subspecies	gbif:8757217	accepted	Procyon lotor maritimus	Dozier				https://www.gbif-uat.org/species/8757217	6cfd67d6-4f9b-400b-8549-1933ac27936f	28539167	canonical;
-1387298	-1387298	-1248297	Clubiona allotorta Dankittipakul & Singtripop, 2008	species	SPI:S06087	accepted							SPI	28938374	
-1811219	-1811219	-1534849	Ctenigogus erinaceimorphus Eichler & Zlotorzycka, 1963	species	PSO:1231566,gbif:6934908	accepted		Eichler & Zlotorzycka, 1963	urn:lsid:Psocodea.speciesfile.org:TaxonName:493684		Eichler & Zlotorzycka. 1963. Studien uber Raubvogelfederlinge. II. Ctenigogus erinaceimorphus nov. gen. et spec., eine eigentumliche neue Colpodephalide vom Bengalengeier. Angew. Parasitol. 4:40-44	http://psocodea.speciesfile.org/Common/basic/Taxa.aspx?TaxonNameID=1231566	PSO	43763833	canonical;
-1809633	-1809633	-1534743	Philopterus vernus (Zlotorzycka, 1964)	species	PSO:1228467	accepted		(Zlotorzycka, 1964)	urn:lsid:Psocodea.speciesfile.org:TaxonName:479263		Zlotorzycka. 1964. Mallophaga parasitizing Passeriformes and Pici. III. Philopterinae. Acta Parasitol. 12:401-430	http://psocodea.speciesfile.org/Common/basic/Taxa.aspx?TaxonNameID=1228467	PSO	43766618	canonical;
-158849	-158849	-100469	Mycale tylotornota Koltun, 1964	species	WOR:168513,gbif:2241942	accepted			urn:lsid:marinespecies.org:taxname:168513		Koltun, V.M. (1964). Sponges of the Antarctic. 1 Tetraxonida and Cornacuspongida. Pp. 6-133, 443-448. <em>In: Pavlovskii, E.P., Andriyashev,A.P. & Ushakov, P.V. (Eds), Biological Reports of the Soviet Antarctic Expedition (1955-1958).</em> Akademya Nauk SSSR [English translation,1966, Israel Program for Scientific Translation].	http://www.marinespecies.org/porifera/aphia.php?p=taxdetails&id=168513	WOR	45317616	multiple;
-1196226	-1196226	-1040995	Lotoria lotoria (Linnaeus, 1758)	species	WOR:476511	accepted			urn:lsid:marinespecies.org:taxname:476511			http://www.molluscabase.org/aphia.php?p=taxdetails&id=476511	WOR	45392004	multiple;
-705703	-705703	-565582	Primisanguis Bullard, Williams & Bunkley-Williams, 2012	genus	WOR:731876,gbif:8307236	accepted			urn:lsid:marinespecies.org:taxname:731876		Bullard, S. A.; Williams, E. H.; Bunkley-Williams, L. (2012). New Genus and Species of Fish Blood Fluke (Digenea: Aporocotylidae Odhner, 1912) from Stoplight Parrotfish, Sparisoma viride (Bonnaterre, 1788), (Labridae: Scarinae) in the Caribbean Sea. <em>Journal of Parasitology.</em> 98(6): 1139-1143.	http://www.marinespecies.org/aphia.php?p=taxdetails&id=731876	WOR	46493737	
-1082405	-1082405	-705703	Primisanguis caribbeanensis Bullard, Williams & Bunkley-Williams, 2012	species	WOR:731877,gbif:7447305	accepted			urn:lsid:marinespecies.org:taxname:731877		Bullard, S. A.; Williams, E. H.; Bunkley-Williams, L. (2012). New Genus and Species of Fish Blood Fluke (Digenea: Aporocotylidae Odhner, 1912) from Stoplight Parrotfish, Sparisoma viride (Bonnaterre, 1788), (Labridae: Scarinae) in the Caribbean Sea. <em>Journal of Parasitology.</em> 98(6): 1139-1143.	http://www.marinespecies.org/aphia.php?p=taxdetails&id=731877	WOR	46493738	
-2471865	-2471865	-2449575	Sparisoma viride (Bonnaterre, 1788)	species	WOR:273780,gbif:2393894	accepted			urn:lsid:marinespecies.org:taxname:273780			http://www.marinespecies.org/aphia.php?p=taxdetails&id=273780	WOR	46572719	multiple;
-58948	-58948	-34238	Erythrobacter piscidermidis Bruno & Kotelnikova, 2009	species	WOR:568262,gbif:5911863	accepted			urn:lsid:marinespecies.org:taxname:568262		Bruno, C.K., and Kotelnikova, S. 2009. Erythrobacter piscidermidis sp. nov., a halotolerant and alkalitolerant marine bacterium isolated from Sparisoma viride in Grenada.	http://www.marinespecies.org/aphia.php?p=taxdetails&id=568262	WOR	46587502	
-2449575	-2449575	-2438532	Sparisoma Swainson, 1839	genus	WOR:126051,gbif:2393893	accepted			urn:lsid:marinespecies.org:taxname:126051			http://www.marinespecies.org/aphia.php?p=taxdetails&id=126051	WOR	46572705	multiple;
-2438532	-2438532	-2425303	Sparisomatinae Gill, 1893	subfamily	WOR:151789	accepted			urn:lsid:marinespecies.org:taxname:151789			http://www.marinespecies.org/aphia.php?p=taxdetails&id=151789	WOR	46572704	
-2425303	-2425303	-2390916	Scaridae Rafinesque, 1810	family	WOR:125557,gbif:4504	accepted			urn:lsid:marinespecies.org:taxname:125557			http://www.marinespecies.org/aphia.php?p=taxdetails&id=125557	WOR	46572622	multiple;
-2390916	-2390916	-2332649	Perciformes	order	trunk:2a883af2-3805-4ab4-aea1-00d739d8e0ef,WOR:11014,gbif:587	accepted							trunk	5184	multiple;
-2332649	-2332649	-2230509	Eupercaria	series	trunk:a66deb70-2160-4e02-8dc5-292e3767d8f2	accepted							trunk	43644316	
-2230509	-2230509	-1872000	Percomorphaceae	subdivision	trunk:798473b0-28da-4d24-8703-fb4c68c8ea88	accepted							trunk	40055115	multiple;
-1872000	-1872000	-1599894	Euacanthomorphacea	division	trunk:786273e5-3db4-448a-89dd-c7ba0160048b	accepted							trunk	40054867	multiple;
-1599894	-1599894	-1352967	Acanthomorphata	subsection	trunk:1a6967e3-2d97-4e2d-b008-e7ba25f96344	accepted							trunk	40054820	
-1352967	-1352967	-1229560	Ctenosquamata	section	trunk:b87c45c7-e560-4b57-9b51-9a0277977f39	accepted							trunk	40054568	multiple;
-1229560	-1229560	-1108386	Eurypterygia	infracohort	trunk:7c1c9bb4-3e67-4abf-a8fa-44f317443972	accepted							trunk	40054567	
-1108386	-1108386	-739710	Neoteleostei	subcohort	trunk:2b44239a-23f2-4dae-b1af-9b41a68df90e	accepted							trunk	40054552	
-739710	-739710	-578094	Euteleosteomorpha	cohort	trunk:3e579c72-15f0-4275-a0bf-2574cd4c9397	accepted							trunk	40054103	multiple;
-578094	-578094	-327364	Clupeocephala	supercohort	trunk:fc75d6d0-f202-44fd-9849-c16be91bc16f	accepted							trunk	40045861	
-327364	-327364	-168533	Osteoglossocephalai	megacohort	trunk:5191d9f2-f161-4406-90e7-ee76bd2c9151	accepted							trunk	40045860	multiple;
-168533	-168533	-105679	Teleostei	infraclass	trunk:dc73c7a3-70ce-4c8c-a2c0-8a0d347ee4b9,WOR:293496	accepted							trunk	46582210	multiple;
-105679	-105679	-81069	Neopterygii	subclass	trunk:67880b38-f05e-4d24-b4a8-b43a952b9e41	accepted							trunk	2775792	
-81069	-81069	-51330	Actinopteri	class	trunk:f861506c-ac95-4c74-910f-71e96796b980	accepted							trunk	46561162	multiple;
-51330	-51330	-51331	Actinopterygii	superclass	trunk:8e9654d2-73cc-4432-b75e-843bdab43315,WOR:10194,gbif:204	accepted							trunk	1905	multiple;
-51331	-51331	-51335	Osteichthyes	clade	trunk:7aabf015-766c-4d4d-8dbc-b595f82db640	accepted							trunk	2775704	
-51335	-51335	-51339	Gnathostomata	clade	trunk:b4ca9e2b-c1eb-4517-b109-5d9b99c14619	accepted							trunk	46557929	multiple;
-51339	-51339	125642	Vertebrata	subphylum	trunk:9b03d0ca-fb17-47cc-bea9-0dd19978ea44,WOR:146419	accepted							trunk	46557928	multiple;
125642	125642	-20833	Chordata	phylum	trunk:66b4514b-137a-4162-824f-21e68b5528e3,WOR:1821,gbif:44	accepted							trunk	694	multiple;
-20833	-20833	-6275	Deuterostomia	clade	trunk:c6d0aa24-2d37-4ea9-beab-5fd9bd3a43aa	accepted							trunk	8814528	
-6275	-6275	691846	Bilateria	clade	trunk:f6799075-d424-42a3-abed-49e2e608a4e1	accepted							trunk	3014411	
691846	691846	-229	Metazoa	kingdom	trunk:21a746fc-e9c6-4c32-99d4-56e5e85cf847,WOR:2,gbif:1	accepted							trunk	1	multiple;
-229	-229	304358	Opisthokonta	clade	trunk:edbb94eb-5585-4ba6-8f96-0b626909a871	accepted							trunk	2910700	
304358	304358	93302	Eukaryota	domain	trunk:d54c4335-2e13-4292-8fc6-16ad6eee991e,WOR:7,WOR:5,WOR:582418,WOR:582160,gbif:7,gbif:4,gbif:231	accepted							trunk	2908256	
93302	93302	805080	Cellular Organisms	clade	trunk:b72c3e8e-100e-4e47-82f6-76c3fd4d9d5f	accepted							trunk		
805080	805080		Biota	kingdom	WOR:1	accepted			urn:lsid:marinespecies.org:taxname:1			http://www.marinespecies.org/aphia.php?p=taxdetails&id=1	WOR	6061725	
-2331435	-2331435	-2229310	Procyon Storr, 1780	genus	gbif:2433592	accepted	Procyon	Storr, 1780				https://www.gbif-uat.org/species/2433592	7ddf754f-d193-4cc9-b351-99906754a03b	18666	canonical;
-2229310	-2229310	-1871771	Procyonidae	family	trunk:bfc65b94-8d84-4743-8fd5-36fde21e8901,gbif:5311	accepted							trunk	7665	
-1871771	-1871771	-1599809	Caniformia	suborder	trunk:d3e472df-8c55-4032-b649-7d1ef009d716,WOR:254957	accepted							trunk	46559118	multiple;
-1599809	-1599809	-1352183	Carnivora	order	trunk:5176038b-cff0-459e-a9a6-ec27d69caaf2,WOR:2687,gbif:732	accepted							trunk	7662	multiple;
-1352183	-1352183	-1225661	Scrotifera	clade	trunk:a23f0793-2068-4c8f-91da-99cb35f94ba7	accepted							trunk	42399419	canonical;
-1225661	-1225661	-1104903	Laurasiatheria	clade	trunk:670aeeb9-9709-41d7-a7f4-8194780d8a6c	accepted							trunk	40103843	multiple;
-1104903	-1104903	-738669	Boreoeutheria	clade	trunk:b3d57139-f70b-44d0-9bb9-858e91dd96c4	accepted							trunk	32005829	
-738669	-738669	-577015	Placentalia	clade	trunk:9f9fb980-5848-45e2-8426-2c9d12c78f48	accepted							trunk	42399417	canonical;
-577015	-577015	-326288	Eutheria	clade	trunk:b1ce8fec-c97a-4036-b379-c7156361feb1	accepted							trunk		
-326288	-326288	-168130	Theria	subclass	trunk:a0404dad-2b75-4df5-8179-870d6654ffd2,WOR:380416	accepted							trunk		
-168130	-168130	-105521	Mammalia	class	trunk:bfa972eb-53d1-4768-a4c3-a587459659ef,WOR:1837,gbif:359	accepted							trunk	1642	multiple;
-105521	-105521	-81030	Cynodontia	suborder	trunk:0b998055-6f4c-43a4-ad59-6e0bb1f6082b	accepted							trunk	4528578	canonical;
-81030	-81030	-51306	Therapsida	order	trunk:0fe766ee-69f1-4f12-89cf-7d16cee4997b	accepted							trunk	4522847	canonical;
-51306	-51306	-51307	Synapsida	clade	trunk:e562c732-105e-4116-815d-e5324f21df4c	accepted							trunk	3014447	canonical;
-51307	-51307	-51313	Amniota	clade	trunk:61177300-8902-462f-adfe-7c2384808844	accepted							trunk	3014446	
-51313	-51313	-51324	Reptiliomorpha	clade	trunk:613ebfd8-a2f6-415d-89c9-5e59be9cdc17	accepted							trunk	42312317	canonical;
-51324	-51324	-51329	Tetrapoda	clade	trunk:5355a904-25cc-4a21-8935-bc9515600430	accepted							trunk	46557930	multiple;
-51329	-51329	-51331	Sarcopterygii	superclass	trunk:e07b95c8-134a-47a3-9af9-ce96c7bc9184,WOR:163509,gbif:238	accepted							trunk	8909	multiple;
